

INSERT INTO PRODUCTO (NOMBRE, CATEGORIA, DESCRIPCION, PRECIO) 
VALUES ('Laptop HP', 'Tecnología', 'Laptop para oficina', 750000);

INSERT INTO PRODUCTO (NOMBRE, CATEGORIA, DESCRIPCION, PRECIO) 
VALUES ('Laptop HP', 'Tecnología', 'PC GAMER', 1050000);

INSERT INTO PRODUCTO (NOMBRE, CATEGORIA, DESCRIPCION, PRECIO) 
VALUES ('Mouse Logitech', 'Accesorios', 'Mouse inalámbrico', 15000);

INSERT INTO PRODUCTO (NOMBRE, CATEGORIA, DESCRIPCION, PRECIO) 
VALUES ('Teclado Mecánico', 'Accesorios', 'Teclado mecánico RGB', 45000);



INSERT INTO CLIENTE (NOMBRE, CORREO, TELEFONO, DIRECCION)
VALUES ('Ana Rojas', 'ana@example.com', '88888888', 'San José, Costa Rica');

INSERT INTO CLIENTE (NOMBRE, CORREO, TELEFONO, DIRECCION)
VALUES ('Carlos Méndez', 'carlos@example.com', '77777777', 'Alajuela, Costa Rica');

INSERT INTO CLIENTE (NOMBRE, CORREO, TELEFONO, DIRECCION)
VALUES ('Armando Núñez', 'armando@example.com', '77777777', 'Alajuela, Costa Rica');



INSERT INTO PROVEEDOR (NOMBRE, TELEFONO, CORREO)
VALUES ('TecnoCR', '22223333', 'ventas@tecnocr.com');

INSERT INTO PROVEEDOR (NOMBRE, TELEFONO, CORREO)
VALUES ('AccesoriTech', '24445555', 'info@accesoritech.com');


INSERT INTO INVENTARIO (PRODUCTO_ID, CANTIDAD_ACTUAL) VALUES (1, 10);
INSERT INTO INVENTARIO (PRODUCTO_ID, CANTIDAD_ACTUAL) VALUES (2, 50);
INSERT INTO INVENTARIO (PRODUCTO_ID, CANTIDAD_ACTUAL) VALUES (3, 20);


INSERT INTO PRODUCTOPROVEEDOR (PROVEEDOR_ID, PRODUCTO_ID) VALUES (1, 1);
INSERT INTO PRODUCTOPROVEEDOR (PROVEEDOR_ID, PRODUCTO_ID) VALUES (2, 2);
INSERT INTO PRODUCTOPROVEEDOR (PROVEEDOR_ID, PRODUCTO_ID) VALUES (2, 3);

INSERT INTO PEDIDO (CLIENTE_ID, FECHA, ESTADO)
VALUES (1, SYSDATE, 'PENDIENTE');

INSERT INTO PEDIDO (CLIENTE_ID, FECHA, ESTADO)
VALUES (2, SYSDATE, 'ENTREGADO');

INSERT INTO DETALLEPEDIDO (PEDIDO_ID, PRODUCTO_ID, CANTIDAD, SUBTOTAL)
VALUES (1, 1, 1, 750000);

INSERT INTO DETALLEPEDIDO (PEDIDO_ID, PRODUCTO_ID, CANTIDAD, SUBTOTAL)
VALUES (1, 2, 2, 30000);

INSERT INTO DETALLEPEDIDO (PEDIDO_ID, PRODUCTO_ID, CANTIDAD, SUBTOTAL)
VALUES (2, 3, 1, 45000);

INSERT INTO ATENCIONCLIENTE (CLIENTE_ID, PEDIDO_ID, TIPO, DESCRIPCION, FECHA, ESTADO)
VALUES (1, 1, 'Consulta', 'Consulta por estado del pedido', SYSDATE, 'ABIERTA');

INSERT INTO ATENCIONCLIENTE (CLIENTE_ID, PEDIDO_ID, TIPO, DESCRIPCION, FECHA, ESTADO)
VALUES (2, 2,'Consulta', 'Consulta por estado del pedido', SYSDATE, 'ABIERTA');

SELECT * FROM ATENCIONCLIENTE;

INSERT INTO RECLAMO (ATENCION_ID, DETALLE_PEDIDO_ID, TIPO_RECLAMO, DESCRIPCION, ESTADO)
VALUES (1, 1, 'Producto defectuoso', 'La laptop no enciende', 'EN PROCESO');

INSERT INTO RECLAMO (ATENCION_ID, DETALLE_PEDIDO_ID, TIPO_RECLAMO, DESCRIPCION, ESTADO)
VALUES (1, 1, 'Producto defectuoso', 'La laptop no enciende', 'APROBADA');

INSERT INTO RECLAMO (ATENCION_ID, DETALLE_PEDIDO_ID, TIPO_RECLAMO, DESCRIPCION, ESTADO)
VALUES (1, 2, 'Producto incorrecto', 'El mouse entregado no corresponde al modelo solicitado', 'REGISTRADO');

INSERT INTO RECLAMO (ATENCION_ID, DETALLE_PEDIDO_ID, TIPO_RECLAMO, DESCRIPCION, ESTADO)
VALUES (3, 2, 'Consulta', 'Consulta por estado del pedido', 'ABIERTA');



INSERT INTO DEVOLUCION (DETALLE_PEDIDO_ID, RECLAMO_ID, MOTIVO, ESTADO)
VALUES (1, 1, 'Producto no funcional', 'APROBADA');

INSERT INTO ORDENCOMPRA (PROVEEDOR_ID, FECHA, ESTADO)
VALUES (1, SYSDATE, 'SOLICITADA');

INSERT INTO ORDENCOMPRA (PROVEEDOR_ID, FECHA, ESTADO)
VALUES (2, SYSDATE, 'RECIBIDA');

INSERT INTO DETALLEORDEN (ORDEN_COMPRA_ID, PRODUCTO_ID, CANTIDAD)
VALUES (1, 1, 5);

INSERT INTO DETALLEORDEN (ORDEN_COMPRA_ID, PRODUCTO_ID, CANTIDAD)
VALUES (2, 2, 10);

INSERT INTO USUARIO (NOMBRE_USUARIO, CONTRASENA, ROL, ESTADO)
VALUES ('admin', 'admin123', 'ADMIN', 'ACTIVO');

INSERT INTO USUARIO (NOMBRE_USUARIO, CONTRASENA, ROL, ESTADO)
VALUES ('vendedor', 'venta123', 'VENDEDOR', 'ACTIVO');

INSERT INTO USUARIO (NOMBRE_USUARIO, CONTRASENA, ROL, ESTADO)
VALUES ('soporte', 'soporte123', 'SOPORTE', 'ACTIVO');

COMMIT;
